,SrNo,City,Country,Tourist(Millions),lat,long,cluster
0,1,Hong Kong,Hong Kong,23.7,-0.14070451724992433,1.0666741497095396,7
1,2,Singapore,Singapore,21.3,-1.0641519076088466,0.922869107277525,25
2,3,Bangkok,Thailand,15.8,-0.5170547470172983,0.8766272373271247,18
3,4,London,UK,15.5,1.1493367294868675,-0.5223276977225574,2
4,5,Macau,Macau,13.4,-0.14464962895109004,1.0579878866339647,7
5,6,Kuala Lumpur,Malaysia,13.3,-0.9849438295545424,0.8933211877785673,25
6,7,Shenzhen,China,12.1,-0.12899729907845003,1.0651688487145536,7
7,8,New York City,USA,11.6,0.6728934064693575,-1.5494725320675597,8
8,9,Antalya,Turkey,10.3,0.5040496213992012,-0.09362142317546869,5
9,10,Paris,France,9.8,1.0324418379132154,-0.48829698816061345,2
10,11,Istanbul,Turkey,8.8,0.6859787544723978,-0.11783015821397115,5
11,12,Rome,Italy,8.7,0.7250013923562141,-0.34700039822109846,11
12,13,Dubai,UAE,8.0,-0.017343163307550674,0.24674369791689435,14
13,14,Guangzhou,China,7.9,-0.10314959438971114,1.054112360338426,7
14,15,Phuket,Thailand,7.2,-0.7737517113779625,0.8468663543486425,25
15,16,Mecca,Saudi Arabia,6.9,-0.17859542099343334,0.033167509683429845,14
16,17,Pattaya,Thailand,6.6,-0.5530630067172396,0.8820904924510606,18
17,18,Taipei City,Taiwan,6.6,-0.01686158497032944,1.1683129447009126,7
18,19,Prague,Czech Republic,6.5,1.0866676791787557,-0.3200515505047122,20
19,20,Shanghai,China,6.5,0.2544531739746674,1.168256322439985,12
20,21,Las Vegas,USA,6.3,0.4722691763188455,-2.1214844743236285,10
21,22,Miami,USA,6.0,0.013548012909728954,-1.6354999677056232,3
22,23,Barcelona,Spain,5.5,0.7024726210772924,-0.49027970548476196,11
23,24,Moscow,Russia,5.0,1.3366155599060225,0.002450156854978992,24
24,25,Beijing,China,5.0,0.6372962976485527,1.0976568852089579,12
25,26,Los Angeles,USA,5.0,0.3789824214250268,-2.164504415209814,10
26,27,Budapest,Hungary,4.8,0.9716428944885996,-0.2543612008347043,20
27,28,Vienna,Austria,4.3,1.003729026913031,-0.29292294429379573,20
28,29,Amsterdam,Netherlands,4.3,1.1875481970039616,-0.4525322540736799,2
29,30,Sofia,Bulgaria,4.1,0.7605045508199364,-0.19630646633034532,11
30,31,Madrid,Spain,4.1,0.6598277745353336,-0.5720445611831664,21
31,32,Orlando,USA,4.1,0.1357169374973155,-1.651980951896904,3
32,33,Ho Chi Minh City,Vietnam,3.9,-0.6484076654863946,0.9629441971325943,18
33,34,Lima,Peru,3.8,-1.656437870255996,-1.5916062892827079,15
34,35,Berlin,Germany,3.8,1.193902045617832,-0.33440511328835154,20
35,36,Tokyo,Japan,3.7,0.4508189847994013,1.4225240323917347,12
36,37,Warsaw,Poland,3.7,1.1813194948913,-0.2284925005457026,20
37,38,Chennai,India,3.5,-0.5465736746794758,0.5954585678013133,13
38,39,Cairo,Egypt,3.5,0.2020231766154033,-0.086276774686207,14
39,40,Nairobi,Kenya,3.4,-1.1806899105268875,-0.008675861366627327,16
40,41,Hangzhou,China,3.4,0.21105255802822026,1.1506830690054723,12
41,42,Milan,Italy,3.3,0.8826096265930179,-0.39278773401187894,11
42,43,San Francisco,USA,3.2,0.5434081386508468,-2.22257997984529,10
43,44,Buenos Aires,Argentina,3.2,-2.6515305026452896,-1.333014822581446,4
44,45,Venice,Italy,3.2,0.8814177688144422,-0.34906282917429254,11
45,46,Mexico City,Mexico,3.1,-0.2663496889101643,-1.8988202188425554,3
46,47,Dublin,Ireland,3.1,1.2306578872792293,-0.6075910363680702,2
47,48,Seoul,South Korea,3.0,0.5340357408915573,1.244850159693928,12
48,49,Mugla,Turkey,3.0,0.5162716907053628,-0.12761508182851244,5
49,50,Mumbai,India,3.0,-0.28197797285846976,0.4926860596878474,13
50,51,Denpasar,Indonesia,3.0,-1.505947406170856,1.0813601488517608,6
51,52,Delhi,India,2.9,0.14055467469251473,0.553078212513124,1
52,53,Toronto,Canada,2.8,0.8026899162934296,-1.6242427603880463,8
53,54,Zhuhai,China,2.7,-0.1409514116910818,1.0584618087898892,7
54,55,St Petersburg,Russia,2.7,1.521474601467809,-0.09906071059282173,24
55,56,Burgas,Bulgaria,2.7,0.7493312377947777,-0.14227132627525554,11
56,57,Sydney,Australia,2.7,-2.618969447767245,1.5817243242703727,0
57,58,Djerba,Tunisia,2.6,0.366614787767809,-0.36920226810846374,21
58,59,Munich,Germany,2.6,1.0005844396957868,-0.3596182355158431,20
59,60,Johannesburg,South Africa,2.6,-2.280665012276176,-0.13057238455521186,9
60,61,Cancun,Mexico,2.6,-0.19002966407637634,-1.7280594271514045,3
61,62,Edirne,Turkey,2.6,0.7154065212459545,-0.1513020315945048,5
62,63,Suzhou,China,2.5,0.25751707405116964,1.155908419720109,12
63,64,Bucharest,Romania,2.4,0.8372342920751866,-0.15764191750868903,11
64,65,Punta Cana,Dominican Republic,2.4,-0.3050173095539201,-1.4711022872049753,3
65,66,Agra,India,2.4,0.07538781868442451,0.5640322190968089,1
66,67,Jaipur,India,2.3,0.06392108182487516,0.533572635553326,1
67,68,Brussels,Belgium,2.3,1.120171839219816,-0.46005049221275285,2
68,69,Nice,France,2.2,0.8047844054600306,-0.4194991430757794,11
69,70,Chiang Mai,Thailand,2.2,-0.2947895468903971,0.8556663913863259,18
70,71,Sharm el-Sheikh,Egypt,2.2,0.10580656619758595,-0.043736892823331396,14
71,72,Lisbon,Portugal,2.2,0.584399399764361,-0.6475807147654853,21
72,73,East Province,Saudi Arabia,2.2,0.06989752903839405,0.16872645269128844,14
73,74,Marrakech,Morocco,2.1,0.2718233485658377,-0.631627763939608,21
74,75,Jakarta,Indonesia,2.1,-1.396615112280477,0.9646855019710174,6
75,76,Manama,Bahrain,2.0,0.03338022003334284,0.18270150968368223,14
76,77,Hanoi,Vietnam,2.0,-0.19587058152198436,0.9511613297238835,7
77,78,Honolulu,USA,2.0,-0.1837285726089034,-2.71525016830985,17
78,79,Manila,Philippines,2.0,-0.47987371003270535,1.1614306174115128,18
79,80,Guilin,China,2.0,-0.010086058764852737,1.0112318447970536,7
80,81,Auckland,New Zealand,2.0,-2.750597539355401,1.9092124755155135,23
81,82,Siem Reap,Cambodia,1.9,-0.5343007946756381,0.9234187406365166,18
82,83,Sousse,Tunisia,1.9,0.45733146677716774,-0.37261553392349095,21
83,84,Amman,Jordan,1.9,0.2862007501125635,-0.02109533492004731,5
84,85,Vancouver,Canada,1.9,1.0501842123405245,-2.232229432181815,22
85,86,Abu Dhabi,UAE,1.9,-0.04472793794500827,0.2354663038049542,14
86,87,Kiev,Ukraine,1.9,1.1026704095446036,-0.0961701389997642,20
87,88,Doha,Qatar,1.9,-0.008014750434265966,0.1958285192783679,14
88,89,Florence,Italy,1.8,0.8078270181846483,-0.3640645655554384,11
89,90,Rio de Janeiro,Brazil,1.8,-2.1352778145360087,-1.1213010075162184,19
90,91,Melbourne,Australia,1.8,-2.793062897725739,1.4948971883547555,0
91,92,Washington D.C.,USA,1.7,0.5926656761768296,-1.5916065270272302,8
92,93,Riyadh,Saudi Arabia,1.7,-0.036558997209733185,0.12894854088148214,14
93,94,Christchurch,New Zealand,1.7,-3.045383446479208,1.879646861428605,23
94,95,Frankfurt,Germany,1.7,1.0876907343919542,-0.3998441986011019,20
95,96,Baku,Azerbaijan,1.7,0.6580130222700543,0.17228186658710531,5
96,97,Sao Paulo,Brazil,1.7,-2.1635095746380246,-1.1689056596573595,19
97,98,Harare,Zimbabwe,1.7,-1.9110945591227102,-0.08891893244980995,9
98,99,Kolkata,India,1.6,-0.12775828957269622,0.7079869335235304,1
99,100,Nanjing,China,1.6,0.2910550387424643,1.1310285166007095,12
100,101,Varanasi,India,1.0,-0.005807177452067465,0.6335177565040008,1
101,102,Udaipur,India,1.0,-0.039215833508041066,0.5039209635105004,1
102,103,Bangalore,India,1.0,-0.5512919502395724,0.5581965768022573,13
103,104,Goa,India,1.0,-0.44873216798669685,0.5094718990924465,13
